"","X","id","Progress","gender","age","education","partisan","interest"
"1",1,"R_4CECYgPPpX2p3cR",100,"male",30,"jr_col","independent",4
"2",7,"R_45UZ8tGtjuErDMJ",100,"female",24,"college","Ishin",4
"3",9,"R_9k2m2EgZ1xtFXIt",100,"male",48,"college","Jimin",3
"4",10,"R_4lbOUhnTGlxP2Ue",100,"female",25,"college","Reiwa",5
"5",11,"R_45GEvwqEyJzJvda",100,"male",45,"jr_col","Kyousan",1
"6",12,"R_4KpuclrzU7TXyAp",100,"male",42,"college","Jimin",3
"7",13,"R_9R9TfMb7qy4oKvJ",100,"female",31,"high","Koumei",5
"8",15,"R_4eFWBjJ9di93V73",100,"male",26,"college","independent",3
"9",16,"R_9bK6NbBnviiGLoR",100,"female",37,"college","Ishin",4
"10",17,"R_9fBCPOWH55t2k2J",100,"male",31,"college","Jimin",4
"11",18,"R_410kAYAwr1eH0cI",100,"female",43,"college","independent",2
"12",19,"R_9ifNzZKir9GPJhn",100,"male",56,"high","Hoshu",3
"13",21,"R_4JIXUOXXg4OttHS",100,"male",62,"high","Jimin",4
"14",22,"R_4XB2Zst80mKzxoR",100,"male",66,"college","Rikken",4
"15",23,"R_4dFEhTNL7KdhzWN",100,"female",27,"college","Kokumin",4
"16",24,"R_4QY7ZK7K6eliXXa",100,"female",33,"elementary","independent",3
"17",25,"R_9Fsxz67BVXiXwdU",100,"male",63,"college","Jimin",3
"18",26,"R_91giDoYk0bME5gx",100,"female",29,"high","independent",1
"19",27,"R_40pFG0ehhRIcxYY",100,"female",58,"college","independent",2
"20",28,"R_9xRFBma9AR8FSEw",100,"male",51,"jr_col","Rikken",5
"21",29,"R_9b1Wv1frJ40mYMb",100,"female",43,"jr_col","independent",3
"22",31,"R_4iQEeeb5sHzmHk7",100,"female",44,"high","independent",3
"23",32,"R_9Qnu8fmsJ7fvY1b",100,"male",57,"high","Sansei",5
"24",34,"R_4TLUZL9C9E5wVqx",100,"female",79,"high","independent",3
"25",35,"R_95sl7M3ik5Bzopt",100,"female",56,"college","independent",3
"26",37,"R_9akLqsW7vRVlrpN",100,"male",52,"college","independent",3
"27",40,"R_4HFGxDtYgPzlJgB",100,"male",50,"college","independent",3
"28",41,"R_9FbrIrtymdf03ct",100,"male",65,"college","Rikken",3
"29",42,"R_9ek7j8oqvTlHHFs",100,"male",41,"high","independent",2
"30",44,"R_9cTBjMz3OPasfVD",100,"male",66,"college","independent",3
"31",45,"R_4EgCJGpu3OzEEpK",100,"female",42,"high","Jimin",2
"32",46,"R_92XSjz89zANXL6s",100,"female",40,"jr_col","Kokumin",3
"33",47,"R_4WPh9ZQrNNm7Rcz",100,"male",64,"high","Jimin",4
"34",48,"R_9pPt9oAta2JNldt",100,"male",52,"high","independent",3
"35",50,"R_4spRFYysD6aC64m",100,"male",64,"college","Jimin",4
"36",52,"R_9QRhtCO0oRFmWh6",100,"female",64,"high","Rikken",4
"37",53,"R_4J7XY9OvodiQiwm",100,"male",35,"college","Kyousan",3
"38",54,"R_9fpa8846ZotiTDr",100,"female",25,"college","Jimin",4
"39",55,"R_4Q6hGTm7VcoC1rl",100,"female",54,"college","Rikken",2
"40",56,"R_9Ic1YKp5cYkLlTo",100,"male",50,"high","independent",4
"41",57,"R_4paHNKIfw8AQHQJ",100,"male",30,"high","independent",5
"42",58,"R_4Pw0X0cfWOumb4E",100,"male",58,"college","Sansei",4
"43",59,"R_49zWqdTLx5THzAl",100,"male",65,"college","Sansei",5
"44",61,"R_4IF2xPftKuiYHe1",100,"female",60,"jr_col","independent",3
"45",63,"R_94fMI2BGKgF3aLf",100,"female",51,"college","independent",4
"46",65,"R_4EpfAjGgdFpU0uw",100,"male",22,"high","independent",5
"47",66,"R_4rGsZ6faMGUiLMn",100,"female",53,"high","Rikken",3
"48",67,"R_4KxUC7EsRTc6Hki",100,"female",24,"college","independent",4
"49",68,"R_9bGezeBa9NzMf29",100,"female",59,"high","Jimin",4
"50",69,"R_9PaFZAZii5Galox",100,"female",57,"jr_col","Ishin",3
"51",70,"R_41Yii0tcnXQTK3I",100,"male",68,"high","Rikken",1
"52",71,"R_4I0kZEDBGvkGvbu",100,"male",55,"college","Jimin",3
"53",72,"R_4zupnQlCuP2Ou1o",100,"female",53,"college","Kyousan",4
"54",73,"R_4KOMLxidowpioMh",100,"male",60,"college","Jimin",4
"55",75,"R_4CJTXGfbsv2B8fA",100,"male",47,"college","independent",3
"56",76,"R_99vc6Wkch5fVLRT",100,"male",60,"college","Jimin",5
"57",77,"R_4v94YI4OEms2hRh",100,"female",57,"jr_col","independent",3
"58",78,"R_4QmgVq1X15fywER",100,"male",60,"jr_col","Jimin",5
"59",79,"R_9wzuJYIdXC1Z73j",100,"female",50,"college","independent",4
"60",80,"R_4exViJhIbrjw9VS",100,"male",50,"college","Kyousan",3
"61",81,"R_42PjPdOq1fWRDTL",100,"male",28,"college","Hoshu",4
"62",82,"R_9U4P2suDN3Yh0mL",100,"male",48,"college","independent",3
"63",83,"R_4ruBIvy4TtSRZRm",100,"male",70,"high","Rikken",4
"64",84,"R_4P12sRcHBf13MZf",100,"male",26,"high","independent",3
"65",85,"R_4YFGtjy1XanVYHx",100,"male",42,"college","Jimin",4
"66",86,"R_4qqIeYuIAhbgdJ9",100,"male",23,"high","Hoshu",3
"67",87,"R_9PirLm0uqCOcZOE",100,"male",39,"college","independent",4
"68",88,"R_4QB1hloTdQDk96g",100,"female",42,"elementary","independent",1
"69",89,"R_4jtmyxwhPwf4MYV",100,"male",54,"high","independent",5
"70",90,"R_4kvN80LxNhGPHHz",100,"male",37,"college","independent",3
"71",91,"R_4gZcF65MpwiV9ZB",100,"male",62,"college","Hoshu",5
"72",92,"R_4JmLlNtKhsSPQ9b",100,"male",46,"college","independent",3
"73",93,"R_4OVmzejsv9A9lot",100,"male",38,"college","independent",3
"74",94,"R_4GDiZEtFIMwbWm9",100,"male",48,"college","Jimin",4
"75",95,"R_42Dn72VZC55HZ5c",100,"male",58,"college","Sansei",5
"76",96,"R_4DuNQ9pkspYmZjj",100,"male",25,"college","Kokumin",3
"77",97,"R_43f0u1ujsxGqnLJ",100,"male",31,"high","Jimin",2
"78",98,"R_43UeuJb3Ao8P541",100,"female",31,"college","Jimin",4
"79",99,"R_9etqEmZoLMCYOvc",100,"female",45,"high","independent",3
"80",100,"R_4KPKrXEwZnuMkxS",100,"male",50,"college","independent",5
"81",102,"R_4duyr5MfQo9et4U",100,"female",28,"college","independent",4
"82",103,"R_4Hj2H5PsbI2HBHS",100,"female",34,"high","independent",3
"83",104,"R_9LFgQgm3p6nRM2U",100,"male",52,"high","Koumei",4
"84",105,"R_4WUYyMKZSWiwqTu",100,"male",50,"college","independent",3
"85",106,"R_9ih2BqclhXomtEZ",100,"male",51,"elementary","Jimin",5
"86",107,"R_4PamiblpHQeXzWN",100,"male",50,"high","Jimin",4
"87",108,"R_9rpytTcpPzAWuKL",100,"male",59,"high","independent",3
"88",109,"R_4F5rRiCf2Kf8x5m",100,"male",54,"college","independent",3
"89",110,"R_4JF4jd65Ru0odBD",100,"male",52,"jr_col","independent",2
"90",111,"R_9DYULuEEKlVhnpb",100,"male",31,"college","Jimin",5
"91",112,"R_4fxbPEBUqKBVpER",100,"male",53,"college","Mirai",4
"92",113,"R_4MxmY7LAOY2esyR",100,"male",56,"high","Jimin",3
"93",114,"R_4ItRayOi8Olt5Ql",100,"male",45,"high","Sansei",3
"94",115,"R_4VJghirAaalxj8c",100,"male",53,"high","independent",3
"95",116,"R_9PI77cYm3cD9aLg",100,"male",60,"college","Jimin",4
"96",117,"R_4AxS7x3yb1oMQJX",100,"female",28,"college","Jimin",1
"97",118,"R_4s57TLPgwTQ6una",100,"male",68,"college","independent",4
"98",119,"R_9ydrtjdwW5p0bsJ",100,"male",65,"college","Reiwa",4
"99",120,"R_4sY068CLLSqO563",100,"male",67,"high","Kokumin",3
"100",121,"R_4zTjtBg5Iw47vzo",100,"male",60,"college","Koumei",3
"101",122,"R_9CeNpvcBpIAOciH",100,"male",60,"college","Ishin",2
"102",123,"R_9wNPOhrYFOkOj12",100,"female",60,"college","independent",4
"103",124,"R_9KLpHYBBWULJNhD",100,"male",46,"college","independent",4
"104",125,"R_9QK1atRWvxjSs46",100,"male",38,"high","independent",4
"105",126,"R_9mE3zgSWOGNXc8U",100,"male",47,"high","Reiwa",4
"106",127,"R_41vz8f4sQkWh7Cq",100,"male",37,"high","Rikken",3
"107",129,"R_9oZstS3BUu4HmXY",100,"male",55,"jr_col","Ishin",4
"108",130,"R_4Lva08grce7TfIG",100,"male",55,"college","Rikken",3
"109",132,"R_4KIy1Wp5CmfHjdj",100,"male",60,"college","Kokumin",4
"110",133,"R_4aM6cgv1HWNXhu0",100,"female",44,"high","independent",3
"111",134,"R_4CeFVBBExiuypUc",100,"male",48,"high","Reiwa",3
"112",135,"R_4fCzSkV04G7vjgJ",100,"male",30,"college","Jimin",4
"113",136,"R_4vjNA3nzOhFwpfr",100,"female",43,"college","Reiwa",3
"114",137,"R_4qJ2TCK5InKLe4Z",100,"male",63,"college","independent",4
"115",138,"R_4M4BhaFJCdinHpB",100,"male",46,"college","Reiwa",4
"116",139,"R_9whRK9mK14UNMlp",100,"male",67,"college","Jimin",4
"117",140,"R_45WnhOc7ucH7hDP",100,"male",60,"college","Sansei",4
"118",141,"R_4P74BQkUh5kVE2N",100,"male",64,"college","Ishin",4
"119",142,"R_9OI2zGxxuUQTy5v",100,"male",40,"jr_col","Kokumin",4
"120",143,"R_4WVlATrCoG8WHUk",100,"female",28,"college","independent",3
"121",144,"R_9GCLa8UbU0FNThf",100,"female",39,"college","independent",1
"122",145,"R_4oFpIQUIZCnXKwn",100,"female",62,"jr_col","Jimin",4
"123",146,"R_9GME64lYkIWuG2Z",100,"female",65,"jr_col","Sansei",5
"124",147,"R_4ONi0uWO3cMZveZ",100,"male",56,"college","Ishin",5
"125",148,"R_4MRpMzAAzjMn73F",100,"male",59,"college","Koumei",3
"126",149,"R_4k6erjURGCrAPcr",100,"male",54,"college","independent",3
"127",150,"R_9SnEVIPSYHSLjjz",100,"female",38,"college","Sansei",5
"128",151,"R_4TNuLZbXHI8HIPF",100,"female",37,"high","independent",3
"129",152,"R_4iKcUFO9EAHcpIp",100,"male",45,"college","independent",3
"130",153,"R_4CCuIx2Yegg2KJt",100,"female",41,"college","Jimin",4
"131",154,"R_4Krf56GQmrXthL3",100,"female",65,"high","Reiwa",4
"132",155,"R_4ixyC6m7GhAUpeR",100,"male",76,"college","Jimin",4
"133",156,"R_4wlXcq8VAmyWi0V",100,"male",50,"college","Kokumin",4
"134",157,"R_9Q5y77ZAbB9Dzly",100,"male",68,"college","Jimin",4
"135",158,"R_4QJAqZFkOiM1NRE",100,"female",43,"jr_col","independent",3
"136",159,"R_4P692qnilbRwrlL",100,"male",60,"high","independent",5
"137",160,"R_4Cr0hj9qlIGm3Ai",100,"female",64,"high","independent",5
"138",162,"R_9YeNIg9taak5O92",100,"male",63,"college","independent",3
"139",163,"R_4ItrJHWLgvWh3rf",100,"male",64,"college","independent",4
"140",165,"R_9YWGbtyxYd3ryZb",100,"male",85,"college","Koumei",2
"141",166,"R_4KIo4SdfgZqrZBt",100,"male",68,"college","Jimin",4
"142",167,"R_98YD4Tdh9b3tsdT",100,"male",60,"high","independent",2
"143",168,"R_4CxoGDr5Q5DHakP",100,"female",55,"college","Kokumin",3
"144",169,"R_4m3JS1g4RlKGc8t",100,"male",59,"high","independent",3
"145",170,"R_9qm7oAV8DQb2dqd",100,"male",64,"elementary","Koumei",3
"146",171,"R_4EsQEsxbQaoe4Ol",100,"male",55,"jr_col","Jimin",4
"147",172,"R_9SDDhYhd1bMljqd",100,"male",46,"college","Jimin",5
"148",173,"R_9qUOYx2yczdKZKA",100,"male",65,"high","independent",3
"149",174,"R_9U54BASk3SbBKud",100,"male",65,"college","independent",1
"150",175,"R_4SSobbf1qYQHoMF",100,"male",43,"college","Sansei",5
"151",176,"R_4ekvG2dngZ4yxxK",100,"male",24,"college","Jimin",3
"152",177,"R_94cp0FwghVU5b4b",100,"male",55,"college","Ishin",4
"153",178,"R_4Oo9b4P9lmCODm0",100,"male",43,"college","Jimin",4
"154",179,"R_9KPygTqlvly4sTL",100,"male",38,"college","Jimin",4
"155",181,"R_9rl85D79VwfRbP3",100,"male",47,"college","independent",5
"156",183,"R_9h1N7OLVx4I5nm9",100,"female",55,"elementary","independent",3
"157",184,"R_9cqn3DHs7zdChlT",100,"male",37,"college","independent",2
"158",185,"R_4NspS3gkWpvlT42",100,"male",54,"college","Kokumin",4
"159",187,"R_915YaEGkV0rPYKX",100,"male",56,"college","Jimin",4
"160",188,"R_4HYb491wim1mKgV",100,"male",57,"college","independent",4
"161",190,"R_41cnxXV9VIdFVbn",100,"male",36,"jr_col","Kokumin",4
"162",191,"R_45YBRg3faHKOnds",100,"male",63,"high","Rikken",3
"163",192,"R_9feLFvkVI4MWoVU",100,"male",52,"high","Sansei",3
"164",193,"R_4sd7pe1BVT5lKXK",100,"female",26,"jr_col","Rikken",1
"165",194,"R_9dRnuzMIido0Xof",100,"female",28,"college","Sansei",5
"166",195,"R_9JpUBxz6uKJuXrS",100,"female",57,"high","independent",3
"167",196,"R_4dOLIBiePrpGQBH",100,"female",54,"high","Jimin",4
"168",197,"R_4VJ64PdgzMM1nkL",100,"male",51,"college","Jimin",1
"169",198,"R_4mdUV3HPCO5tiLM",100,"male",40,"college","Kyousan",2
"170",199,"R_9TXog2LXvzZG5ay",100,"male",52,"high","independent",4
"171",200,"R_9Yjph3yAbgkjV9n",100,"male",61,"elementary","independent",4
"172",202,"R_9ps6Mld5I2fhdnV",100,"female",48,"high","independent",3
"173",204,"R_4Sqt0ZSvPCyvRxB",100,"male",45,"high","independent",3
"174",205,"R_94BdWk6riLeLGP7",100,"male",41,"elementary","independent",1
"175",206,"R_4PsDErewj9pLCZ5",100,"male",61,"college","independent",1
"176",208,"R_4dW9topN1iIFCqd",100,"female",59,"high","independent",3
"177",209,"R_4HN7q6JR8aCwDeV",100,"female",49,"college","Ishin",5
"178",210,"R_9IG9OjZMQHYxMnT",100,"male",57,"jr_col","Jimin",4
"179",211,"R_9PSuAUlVxSsEGM8",100,"male",39,"college","independent",2
"180",212,"R_4FtutvzuSXrbBtx",100,"male",81,"college","Ishin",5
"181",213,"R_4HH3dFyph6dWZCI",100,"female",34,"high","Jimin",4
"182",214,"R_4gnkWERyR5qOfEZ",100,"female",61,"jr_col","Jimin",4
"183",215,"R_40Bj2GAQyGzi6JZ",100,"male",63,"high","Kokumin",5
"184",217,"R_4iRtVi2N7lzHyky",100,"male",55,"college","Jimin",3
"185",218,"R_4fdrreCmN3cE0dg",100,"female",37,"college","Kyousan",3
"186",219,"R_41pEfjUYza47ea7",100,"female",50,"jr_col","Jimin",4
"187",221,"R_4Up9ypeZpk9Q8WR",100,"male",46,"high","Jimin",5
"188",222,"R_46nkS2RiBU19Zmd",100,"male",41,"jr_col","independent",1
"189",223,"R_4uCJVu8WRQv3Uxw",100,"male",48,"college","independent",4
"190",224,"R_4SSbI1fzUIT5ynL",100,"female",51,"college","independent",5
"191",225,"R_9uBwdi0WoQXuDyr",100,"male",37,"college","Ishin",3
"192",226,"R_9ZmfBo9PrRai5Et",100,"female",51,"jr_col","Koumei",3
"193",227,"R_4GjH8qf1GSYZrFJ",100,"female",58,"college","Rikken",4
"194",228,"R_4akLfyZQRc3WqWj",100,"male",56,"jr_col","Kokumin",5
"195",229,"R_4xFD007Zrvx2Czc",100,"female",70,"high","Reiwa",4
"196",230,"R_4PO4v39Yg0qc6pH",100,"female",51,"college","Jimin",2
"197",231,"R_9IZuvg2Z1gCyXYQ",100,"male",65,"college","Jimin",5
"198",232,"R_4WPwi43XoOdiZJT",100,"male",77,"college","Jimin",4
"199",233,"R_4haq99J8kSUQi8d",100,"male",31,"college","independent",3
"200",234,"R_9GxLxrVG0WBGbmc",100,"male",34,"college","Koumei",2
"201",235,"R_4II5UVUQJGOsJYl",100,"male",61,"high","Sansei",4
"202",236,"R_4LYE3xsZ0nTIhiK",100,"male",71,"college","Jimin",4
"203",237,"R_93eRP4ku6IZRP8T",100,"female",63,"jr_col","independent",3
"204",238,"R_4eS5iCYiRfFiPJh",100,"male",61,"college","independent",4
"205",239,"R_9MroW6qmEtYdaLP",100,"female",36,"college","independent",1
"206",240,"R_4kYpgfPRXFL9HQv",100,"male",73,"college","Kokumin",5
"207",241,"R_4PcdcM8OgPAJnRT",100,"female",23,"college","independent",5
"208",242,"R_9CfeJjonrR4mLpN",100,"female",25,"college","Jimin",5
"209",243,"R_4bYiZpYUQEuQkx3",100,"male",52,"elementary","independent",3
"210",244,"R_4eLHtamDaLvvIQN",100,"female",25,"college","Mirai",4
"211",245,"R_9cBDhVgdaeD5dtD",100,"male",53,"college","Kyousan",4
"212",246,"R_90KMXg5dR2jeTXH",100,"female",62,"jr_col","Jimin",4
"213",247,"R_4HXHCsYITYbAsnE",100,"female",48,"high","independent",3
"214",248,"R_48LMmmbnnn44J1v",100,"male",66,"college","independent",4
"215",249,"R_4FFpCVujLQayNTH",100,"female",32,"college","independent",5
"216",250,"R_4f2tkT0pgulrR32",100,"male",62,"college","Rikken",4
"217",251,"R_9oNlFoOaDPNCOv7",100,"male",41,"high","Kokumin",4
"218",252,"R_4X7MTk1dalifpbC",100,"male",42,"college","Jimin",2
"219",253,"R_4fwUmkVDtIBsY3T",100,"male",53,"high","independent",3
"220",254,"R_9CI3aSWIADrlS16",100,"male",62,"college","independent",2
"221",255,"R_9dQulkPaMQlXbHp",100,"male",63,"college","Ishin",5
"222",256,"R_4CIv5dhFiMPLrEK",100,"male",35,"jr_col","Rikken",5
"223",257,"R_9QfHEfYW0LhDmmA",100,"male",51,"college","Jimin",4
"224",258,"R_42KHzdtxneVwWlB",100,"male",46,"jr_col","Rikken",4
"225",259,"R_4bP02uBv6SNTjAj",100,"male",27,"college","Sansei",4
"226",260,"R_92LqspkzXhqxoJJ",100,"male",51,"college","Kokumin",4
"227",261,"R_4uqZ6fdDD1GnsAA",100,"female",65,"high","Jimin",4
"228",262,"R_9p57KJs8paZnZkC",100,"male",53,"college","Jimin",4
"229",263,"R_4waxCESOqpK6znu",100,"female",54,"high","Jimin",3
"230",264,"R_40OWMY3UF3s8PCS",100,"male",54,"college","independent",4
"231",265,"R_4hSksafFbTMBKyg",100,"male",54,"college","Kokumin",4
"232",266,"R_4ZIXPLbvrVItP4k",100,"male",48,"college","Kokumin",5
"233",267,"R_45N4smV0u6Uy84c",100,"male",44,"college","Ishin",4
"234",268,"R_4ufyMGx8eXRLQnT",100,"male",45,"high","Kokumin",4
"235",269,"R_4w6OcUrcIFLHBmN",100,"male",46,"jr_col","Mirai",4
"236",270,"R_48XNG5bWH6L2PSW",100,"male",52,"college","Kokumin",4
"237",271,"R_4xus9jHGw5D7gMp",100,"female",29,"college","independent",2
"238",272,"R_46heD9o4H7dHTrz",100,"female",47,"college","independent",3
"239",273,"R_4qxTKiEFurbfBtR",100,"female",62,"college","independent",4
"240",275,"R_4UAPD2mYko2zRQt",100,"male",39,"college","Jimin",5
"241",276,"R_9XsxyNIkz71CwSZ",100,"male",41,"college","Jimin",3
"242",277,"R_9yl5qoVKUAsEzIo",100,"male",65,"college","Jimin",3
"243",279,"R_4NIXMrdiPXpHQtw",100,"male",49,"college","independent",4
"244",280,"R_9nT1iJ8bLDoRiD8",100,"male",53,"jr_col","independent",3
"245",281,"R_4EJX7VUK36E5Ouq",100,"female",49,"elementary","independent",1
"246",282,"R_4Lk9IAE8bH4Ai9Z",100,"female",47,"jr_col","independent",1
"247",283,"R_4lbZlBOdolgMvO2",100,"female",53,"jr_col","Kokumin",3
"248",284,"R_4fuPgtFpHUtcdaB",100,"male",48,"jr_col","independent",2
"249",285,"R_92ujeoJz5uWPZ8e",100,"male",63,"college","independent",4
"250",286,"R_9FgFoux34uGEPHE",100,"female",18,"high","independent",4
"251",287,"R_4lnUknkzMcSViQD",100,"male",39,"high","Kyousan",2
"252",288,"R_4roQAOopHvahlac",100,"male",55,"jr_col","Jimin",4
"253",289,"R_9pbvX8q540CHpHn",100,"female",60,"high","Jimin",2
"254",290,"R_9PTRqvQ3UKERUMr",100,"female",28,"college","independent",2
"255",291,"R_4lVUnoWeCFP7k7Y",100,"male",54,"college","Sansei",4
"256",293,"R_4lgWPKsdTSBRcs3",100,"male",58,"college","Jimin",4
"257",294,"R_4e9VGw9KpQW7Jj8",100,"male",61,"college","independent",4
"258",295,"R_9hHfOqd157siULr",100,"male",67,"college","Reiwa",4
"259",296,"R_4oxS0Ike2UPAc7v",100,"male",53,"high","Sansei",5
"260",297,"R_4M4ZW1T1TU79X0W",100,"female",52,"jr_col","independent",3
"261",298,"R_4sLjKHsSYUgC8Uh",100,"male",64,"college","independent",4
"262",299,"R_9vYhwSaIVXFyTXb",100,"male",69,"jr_col","Sansei",3
"263",301,"R_43ECJyDrtI2F5fY",100,"male",34,"elementary","Sansei",3
"264",303,"R_424K30ckida2XTP",100,"female",61,"jr_col","independent",4
"265",304,"R_4Nyvywsrt2QYJEF",100,"male",27,"high","independent",1
"266",305,"R_4KJeVsb9wHJb3Ay",100,"male",36,"college","independent",2
"267",306,"R_47fb7I26vuarbUY",100,"male",54,"college","Rikken",5
"268",308,"R_9FRrG6T8skE66ip",100,"male",47,"college","independent",3
"269",310,"R_4OGO8LiYYzU9GEk",100,"female",60,"college","independent",3
"270",311,"R_4ruqumlGRA2xgu1",100,"male",66,"high","Jimin",4
"271",313,"R_4OxWk2rxk2SVw0l",100,"male",53,"college","Kokumin",5
"272",314,"R_9kBVN9pvwooKWSj",100,"female",51,"college","Jimin",3
"273",315,"R_4EDGPsZ2WzR0RSV",100,"male",70,"college","independent",4
"274",316,"R_4zKZnxxhdgWpYNH",100,"male",69,"high","Jimin",3
"275",317,"R_4f0TgwPA9NgFZoZ",100,"male",54,"college","independent",4
"276",318,"R_4T3IeilBEXCVlXX",100,"male",51,"college","Sansei",4
"277",319,"R_9JKqoItNTLLAaVm",100,"female",50,"jr_col","Reiwa",5
"278",320,"R_45200olHP4IppHb",100,"male",73,"high","Jimin",5
"279",321,"R_4VPY1HXoxF3x3l3",100,"male",39,"high","Jimin",4
"280",322,"R_9LRlPTpBCrppbaY",100,"female",40,"college","independent",3
"281",323,"R_4GU11Zx89kmwgAj",100,"male",43,"jr_col","independent",3
"282",324,"R_93c24D5V1NTKMSt",100,"male",47,"college","Rikken",4
"283",325,"R_4L4RE56VpoajzTX",100,"female",57,"college","Mirai",5
"284",326,"R_4Qh1pwKZzLGcbmA",100,"female",53,"jr_col","Jimin",4
"285",327,"R_44MzHhsdGpyFgah",100,"male",37,"jr_col","Kokumin",3
"286",329,"R_9hhdlI24r9FP3jT",100,"female",30,"jr_col","Kokumin",4
"287",330,"R_4nGeGVpbkr49xoX",100,"female",43,"jr_col","Hoshu",3
"288",331,"R_4KcNwpHLr9OLq23",100,"male",55,"college","independent",3
"289",332,"R_49Sz3DWUCmUMyu5",100,"male",62,"college","Ishin",4
"290",333,"R_9QPs85SpAqpju1c",100,"female",53,"high","independent",3
"291",334,"R_4PSMQ4z4aMIMEyb",100,"male",64,"college","Rikken",4
"292",335,"R_9uF3vQGtal1feyB",100,"female",32,"jr_col","independent",1
"293",336,"R_9pZAhgRPP3RuBbj",100,"female",61,"jr_col","independent",3
"294",337,"R_4f0CU0vDSRQFnJd",100,"female",50,"high","Jimin",4
"295",338,"R_4qEsUOuL9wnPSX6",100,"female",23,"high","Rikken",1
"296",339,"R_4ypIsRULCcYj2Cm",100,"female",48,"college","independent",2
"297",340,"R_4ctM4KrvFH8xi3w",100,"female",47,"jr_col","Jimin",5
"298",341,"R_9cqjhIc4pHBLAXS",100,"male",39,"college","Hoshu",5
"299",342,"R_47szvtf6gNGA4jh",100,"female",57,"college","Jimin",4
"300",343,"R_4tZZxQb1fYM3Qtj",100,"female",41,"high","independent",1
"301",344,"R_462NzPItSKSTVT5",100,"male",50,"college","Sansei",1
"302",345,"R_4mSCTnNUk8ieqad",100,"male",77,"jr_col","Jimin",5
"303",346,"R_9vQ0DFiOG7Prwpb",100,"female",48,"jr_col","independent",4
"304",347,"R_4DdLKXxpNBsSPsJ",100,"male",28,"high","Kokumin",2
"305",348,"R_9gwKue5pO2kIk6J",100,"female",20,"high","Hoshu",5
"306",349,"R_9IsZRG9kZoYrnzR",100,"male",48,"high","Reiwa",4
"307",350,"R_41EniJ5cMlma98d",100,"male",42,"high","Kokumin",4
"308",351,"R_4dLqZf8rFmECekN",100,"male",69,"college","independent",4
"309",352,"R_9rDekgDygzciQ67",100,"male",52,"college","Jimin",4
"310",354,"R_4CiyrDFnEZLuc25",100,"male",43,"jr_col","Ishin",2
"311",356,"R_9viRv8lzr5kzm43",100,"female",51,"jr_col","independent",4
"312",357,"R_4V4nbGqFWyZ1T2h",100,"male",84,"college","independent",4
"313",358,"R_9fj2tcLNIQJxqNd",100,"male",32,"college","Jimin",3
"314",359,"R_4Bhz50ASMNeF95E",100,"female",58,"high","Kokumin",3
"315",360,"R_9rj3Ik9QURtDpNa",100,"male",51,"high","Ishin",5
"316",361,"R_4EbnDyWmRU4qOKQ",100,"male",47,"college","independent",4
"317",362,"R_4CN9dQmPazCYLyr",100,"male",33,"jr_col","independent",1
"318",363,"R_9V3eHrSKRUnvASR",100,"male",46,"college","Reiwa",5
"319",364,"R_9FOi22pqceVLksm",100,"female",39,"college","independent",2
"320",365,"R_9O1z0Lxzn440aml",100,"male",54,"high","independent",5
"321",366,"R_44ZDzeW854u4P17",100,"male",42,"college","Rikken",5
"322",367,"R_48YQi7wZAmR5UTy",100,"male",44,"college","Kokumin",4
"323",368,"R_4uNJYRBjNsAORnX",100,"female",37,"college","independent",4
"324",369,"R_4CdnRyeBvqXmobx",100,"female",40,"college","Jimin",4
"325",370,"R_9qZOYTGn5jyB5Jz",100,"male",40,"college","Jimin",3
"326",371,"R_4gUAYsWaw2S4y09",100,"female",44,"college","independent",3
"327",374,"R_4lEObs7Aanujdvq",100,"female",43,"college","independent",2
"328",375,"R_4dbMfcpFhhNQYDc",100,"female",46,"college","independent",1
"329",376,"R_9IYplunMLKm46dF",100,"male",66,"college","Jimin",5
"330",377,"R_9hMWZTpmAf8mLhn",100,"female",50,"high","Kokumin",4
"331",378,"R_91mVWiBNYnYWhGY",100,"male",67,"college","Jimin",5
"332",379,"R_4Qm6yH1ALlqRB2b",100,"female",24,"college","independent",3
"333",380,"R_4vjIcDnqFU7njnb",100,"female",61,"jr_col","Rikken",4
"334",381,"R_9LinVNpdmX3gs9A",100,"female",32,"jr_col","independent",3
"335",382,"R_9KjMzXg3BSavcfc",100,"female",34,"jr_col","independent",2
"336",384,"R_9vkUW0WIU3vTxxT",100,"female",59,"high","Rikken",4
"337",386,"R_4QLIduxAWhWxolz",100,"male",35,"college","independent",1
"338",387,"R_947tJqDHRi2nvTP",100,"male",46,"high","Ishin",4
"339",388,"R_4LOMUY3lgBKSvYf",100,"female",46,"jr_col","Koumei",2
"340",389,"R_9MQmDJcgllUdd7G",100,"female",50,"college","independent",4
"341",390,"R_9P5US51RbNVbu7k",100,"female",48,"jr_col","Reiwa",4
"342",391,"R_40ktu6Ti2QmbLfw",100,"male",52,"high","independent",4
"343",392,"R_4CVeFQ4i9OOYys6",100,"male",40,"college","independent",4
"344",393,"R_9eXYgdOueawsyf7",100,"female",67,"high","Rikken",5
"345",394,"R_4ScqMkBOtoqSrga",100,"female",51,"high","independent",3
"346",395,"R_4FQyawXqsPwEnK9",100,"male",48,"college","Jimin",4
"347",396,"R_4uIUwaxfEGeRuvv",100,"male",41,"college","Ishin",5
"348",397,"R_9uKX6ho7x8ozMAM",100,"female",72,"college","independent",4
"349",399,"R_4tBMYv1wotgOYs9",100,"female",25,"college","Ishin",4
"350",400,"R_4AEIMecx0Hkfdf2",100,"male",51,"high","Jimin",3
"351",401,"R_9YXLcPniZqsoOZ3",100,"female",56,"jr_col","Ishin",4
"352",402,"R_4sdj9hGRIHUFVdA",100,"female",45,"college","independent",4
"353",403,"R_9qCc7l4KKiDekFj",100,"female",68,"college","Jimin",4
"354",404,"R_45m39AnWlQikYP7",100,"male",44,"college","independent",4
"355",405,"R_4RRjlpUbHPNQOei",100,"female",35,"high","independent",3
"356",406,"R_4lyITFn1p3tKg2q",100,"male",68,"college","Rikken",4
"357",407,"R_9GVRBoVTBcUTRyQ",100,"male",39,"jr_col","independent",4
"358",408,"R_9cwRJJJJChYFj37",100,"male",42,"high","independent",3
"359",409,"R_92QtDkXptykvF7K",100,"female",26,"high","independent",4
"360",410,"R_9nTQxwx9U2cJRUv",100,"male",38,"high","independent",4
"361",411,"R_4mWxxmgFdh4LqJz",100,"female",54,"college","Jimin",2
"362",413,"R_48sT7gxuKUEZjK9",100,"male",39,"jr_col","Sansei",1
"363",414,"R_4LkltCZITOA3dok",100,"male",52,"high","independent",3
"364",415,"R_4Hn6tjZoYWyYjPG",100,"female",55,"college","independent",2
"365",416,"R_4zBbS7xDcnCzQoD",100,"male",63,"college","independent",3
"366",417,"R_4PegsHpOcoRVvMA",100,"male",39,"college","Kyousan",4
"367",418,"R_9S2Jct3dkuucdOv",100,"male",51,"college","Koumei",5
"368",419,"R_4zjb7sgh1h247Tt",100,"male",52,"college","Ishin",4
"369",420,"R_4eOI7t8Y36lmtcm",100,"male",77,"high","independent",2
"370",421,"R_4HdX6LqHPBBX3Au",100,"female",22,"high","independent",2
"371",422,"R_4fengBSuzBtEAcI",100,"male",67,"college","Sansei",3
"372",423,"R_9LvYj6fX6Gfkdjs",100,"male",46,"high","Kokumin",4
"373",424,"R_4zAlyO4x6MCQ3nP",100,"male",38,"college","independent",5
"374",425,"R_9f9u8qGM0HrCLEQ",100,"male",54,"college","independent",2
"375",426,"R_9zM99pICLC6wsUC",100,"male",43,"college","Kokumin",5
"376",427,"R_441zEttqKa8Zqf7",100,"male",73,"college","Rikken",3
"377",428,"R_97t4aKkElkD8Znr",100,"male",67,"college","Sansei",5
"378",429,"R_4gYC8jhQdCchToJ",100,"female",55,"high","Ishin",4
"379",430,"R_9PUgztQZjnkLtcH",100,"male",65,"high","Jimin",5
"380",431,"R_93xTrbCJbsIuLgN",100,"male",43,"college","independent",2
"381",432,"R_9oL3Ko3Cmjf6ZcR",100,"male",64,"college","independent",4
"382",433,"R_4l7CH7IxWZc7bLr",100,"male",68,"college","independent",5
"383",434,"R_4vV6hGlCByblnK9",100,"male",44,"college","Rikken",4
"384",435,"R_46kYDq1nCmq49f8",100,"male",50,"college","Jimin",4
"385",436,"R_9EoVTcHFQFuyeos",100,"female",63,"jr_col","independent",5
"386",437,"R_4qwsBLTCOry6vh5",100,"female",51,"college","Mirai",5
"387",438,"R_4rHk9UoNIwzvGdb",100,"male",60,"college","Jimin",5
"388",439,"R_4sXE3AMM1Vk5L3q",100,"male",46,"high","Kyousan",4
"389",440,"R_92R3jraR4uncRo1",100,"female",48,"jr_col","Jimin",3
"390",441,"R_4PzeTzD3yRZBRfj",100,"female",35,"high","Jimin",3
"391",442,"R_9nUZxZivgZwgJ9a",100,"male",72,"college","Kokumin",4
"392",443,"R_9bUi0oDRK8amESZ",100,"male",52,"high","Jimin",4
"393",444,"R_9ciQJamrUjxcvKx",100,"female",57,"college","independent",4
"394",445,"R_4eInwbPdsmbLIsx",100,"female",54,"high","Hoshu",2
"395",446,"R_4Hy1OSkkOWGtY6R",100,"female",51,"college","Kyousan",4
"396",447,"R_4fpoPf9oBiABJAr",100,"male",63,"college","independent",4
"397",448,"R_4PojWsIRvXKlgbW",100,"male",44,"high","Rikken",4
"398",449,"R_45BgvIhT4S67TAa",100,"female",53,"jr_col","Jimin",4
"399",450,"R_41TqS8cPPVcwkwX",100,"male",51,"college","Rikken",5
"400",451,"R_4hL6LBhWOY7lhKs",100,"male",45,"college","Jimin",4
"401",452,"R_9f93h7dzZ1PIh3z",100,"female",61,"college","independent",3
"402",454,"R_4pgWUCI3pf5hgc0",100,"male",57,"college","independent",4
"403",455,"R_4QYMHxSlfC9kiMV",100,"male",33,"high","independent",3
"404",456,"R_4G00xEvXImrCrkd",100,"male",73,"college","Jimin",4
"405",457,"R_9k5GT9Rs3ijBlSP",100,"male",37,"college","Koumei",3
"406",458,"R_4ksTi1VCYeiJois",100,"male",29,"elementary","Jimin",4
"407",459,"R_9xq5VP4TKdOCQTv",100,"female",62,"jr_col","independent",2
"408",460,"R_4Bxp37aUWrm9ETG",100,"female",69,"high","Ishin",2
"409",461,"R_4NEOJkPi4Wf1T7L",100,"male",71,"college","independent",3
"410",462,"R_4Cdj51kvry6I7Vo",100,"male",30,"high","independent",5
"411",463,"R_9JbK226ITHWL7EZ",100,"male",51,"college","Jimin",2
"412",464,"R_4hc1nahNgyECq16",100,"male",37,"college","independent",4
"413",465,"R_90UU9dIJGAw1yLI",100,"male",44,"college","Ishin",3
"414",466,"R_9ffVDrrBKqb6Xpq",100,"male",48,"college","Jimin",5
"415",467,"R_4TYtzfFIHw4SPi6",100,"female",45,"college","independent",4
"416",468,"R_9B9lNzAfBJA3jwZ",100,"female",61,"high","Kyousan",5
"417",469,"R_4OauPfYbdbN2NuF",100,"male",65,"high","Rikken",5
"418",470,"R_4kSUm4OkKp8bCH7",100,"male",37,"college","Kokumin",4
"419",471,"R_4meifo3lbx0heZG",100,"female",58,"jr_col","Jimin",4
"420",472,"R_4StNwYjd1iRmeC5",100,"male",50,"college","Ishin",5
"421",473,"R_4g7rpevWoFymDrr",100,"male",53,"college","Jimin",4
"422",474,"R_4CWei7hca6AeWMY",100,"female",39,"high","independent",1
"423",475,"R_9JsHLhCAYK5yjAd",100,"male",35,"jr_col","Jimin",4
"424",476,"R_4g0XHLzOnpflSl3",100,"female",50,"college","Ishin",3
"425",477,"R_4HuHOvNCZbf1tGu",100,"female",54,"college","independent",3
"426",478,"R_4P6m5kkOPavl0YB",100,"male",65,"college","independent",5
"427",479,"R_4qJUpGgL38uEPyX",100,"female",50,"college","independent",4
"428",480,"R_97y5wpRkVhxjEpU",100,"male",34,"college","Jimin",3
"429",481,"R_4OHZUxifC38IFcW",100,"male",56,"high","independent",3
"430",482,"R_43dxQrbUlwdmFCs",100,"male",38,"high","independent",3
"431",483,"R_4xFrsXt4w2IbYy0",100,"female",47,"high","independent",2
"432",484,"R_4LZ1WBgCSt7Q1zm",100,"male",55,"college","independent",4
"433",485,"R_4ePRWFaJGTFIBxo",100,"female",53,"high","Jimin",4
"434",486,"R_4iaMpz7GgBmkXiF",100,"male",61,"college","Ishin",5
"435",487,"R_4iwXZMFT7KSffDl",100,"male",40,"jr_col","Sansei",4
"436",488,"R_423gcD1tFzGhhaI",100,"male",36,"college","independent",4
"437",489,"R_9p3Z0wNksxfp7kD",100,"female",45,"high","independent",3
"438",490,"R_4cIy9yqiDd8Kt3P",100,"male",74,"high","Jimin",3
"439",491,"R_9j7ka9fQkjt2psr",100,"female",36,"high","independent",3
"440",492,"R_9IwgJjX9zQhrMEF",100,"female",37,"college","independent",3
"441",493,"R_4RUHrwT0jV0EvSa",100,"male",32,"jr_col","independent",4
"442",494,"R_4V9q7iZVHQYTehu",100,"male",63,"jr_col","Ishin",4
"443",495,"R_9hAVAFoXRFQi1Dj",100,"female",47,"college","independent",2
"444",496,"R_4kTtHih3KVoAMPr",100,"male",57,"college","Jimin",4
"445",497,"R_4kq6yrVFIqK1DzL",100,"male",66,"high","Jimin",4
"446",498,"R_4Rgy4W2oFECWIWz",100,"female",50,"high","Sansei",5
"447",499,"R_45tRbdbPiSm1Odx",100,"male",44,"college","independent",2
"448",500,"R_9t4NaeZ6UoThOk9",100,"female",60,"college","independent",2
"449",501,"R_41RzALn5sgUN8iu",100,"male",37,"high","independent",3
"450",502,"R_404ffdwB9NjwfDj",100,"male",64,"college","Sansei",4
"451",503,"R_4mWBidF8cMnvzbH",100,"male",42,"college","independent",4
"452",504,"R_4sG7tVEbQZpAg01",100,"male",65,"college","independent",4
"453",505,"R_4h3Iyfptj4zBrgE",100,"male",52,"high","independent",4
"454",506,"R_9wjliW1GpMBQdH3",100,"male",34,"college","Mirai",4
"455",507,"R_45clXPbfxVhp8zf",100,"male",66,"college","independent",4
"456",508,"R_47qggoO2DY7LnKg",100,"female",60,"jr_col","independent",2
"457",509,"R_4KZ88F5Hny6zAzY",100,"male",40,"college","Jimin",5
"458",510,"R_9ht05xrBFcmm3XL",100,"female",22,"college","independent",1
"459",511,"R_43eEDE3Zo6YBqxr",100,"male",43,"college","independent",4
"460",512,"R_43nqwhmD2hoMH8l",100,"female",51,"college","Ishin",2
"461",513,"R_4TTbrfw5540TRqg",100,"female",60,"high","independent",2
"462",514,"R_9OSHc9qzPe0paNr",100,"female",54,"high","independent",3
"463",515,"R_43kFYT1KUp8VQ4N",100,"female",55,"jr_col","independent",2
"464",516,"R_4URTMbapiScEvOV",100,"male",72,"college","Reiwa",5
"465",517,"R_4Xedubz3ougOAbD",100,"female",59,"high","Rikken",4
"466",518,"R_4A1Bxdq5nOZeCDD",100,"female",56,"high","Ishin",3
"467",519,"R_9gl6WcfzDxn9sIN",100,"female",43,"jr_col","Ishin",5
"468",520,"R_98OpjST64gSvBTU",100,"male",79,"high","independent",3
"469",521,"R_9QylGIakwhMIyyp",100,"male",60,"college","independent",3
"470",522,"R_4D82BH9TWMsjSsx",100,"male",50,"college","independent",4
"471",523,"R_4ahraOF0EKZ84Ni",100,"female",40,"college","Jimin",5
"472",524,"R_4IuQZcx34MusYFP",100,"male",56,"jr_col","Jimin",3
"473",525,"R_4PnU40r2HkF4E70",100,"male",64,"college","Rikken",4
"474",526,"R_9bmZwYCVSJZQcIF",100,"male",44,"college","Jimin",4
"475",527,"R_93aCe10ILRjWMur",100,"male",20,"high","Hoshu",4
"476",528,"R_4KXJCuTo9zenohb",100,"female",37,"college","independent",2
"477",529,"R_9M8nrrhf9mNERVv",100,"male",59,"high","Jimin",3
"478",530,"R_4uxDnW96TdtEhj3",100,"male",67,"elementary","independent",4
"479",531,"R_4How1jWgeVQb30x",100,"female",35,"college","independent",3
"480",532,"R_9domkfexcCdLiMa",100,"male",66,"high","Koumei",3
"481",533,"R_9XmS9oZNRiRF6Nx",100,"female",28,"college","Sansei",5
"482",534,"R_9gjQ8sBceso3lAy",100,"male",61,"high","Kokumin",4
"483",535,"R_4pxJEhxie3F4kVH",100,"female",61,"high","independent",3
"484",536,"R_91byk4yFxu01V6d",100,"male",75,"elementary","independent",3
"485",537,"R_4ovF2N8tKs0gPGH",100,"male",62,"college","independent",2
"486",538,"R_4B57lD9WLrtaBvZ",100,"male",54,"college","independent",1
"487",539,"R_4DSgAQhcMUpjByh",100,"female",47,"high","independent",3
"488",540,"R_4oWVGbxgHBcxoOW",100,"female",46,"high","independent",2
"489",542,"R_4hotpyOxCNzDVgA",100,"male",75,"high","Kokumin",3
"490",543,"R_4PmX7vEMo5qO53T",100,"male",66,"high","Jimin",3
"491",544,"R_4IIibpTyjqN0QBX",100,"female",57,"high","Reiwa",4
"492",545,"R_9lVeiQAyRtvGyjL",100,"male",46,"college","independent",2
"493",546,"R_4B40Y9yUSLBAF2y",100,"female",41,"jr_col","independent",4
"494",547,"R_97WnEXkBv7APPTu",100,"female",46,"jr_col","independent",3
"495",548,"R_4eXrb91Lq3HvxYq",100,"male",37,"high","independent",3
"496",549,"R_9hEdgmAbLnM7BUx",100,"male",70,"high","Kokumin",5
"497",550,"R_9fPHgwN9we0Cl4d",100,"male",40,"college","Jimin",5
"498",551,"R_9ux4saLSQVPxQ2W",100,"male",39,"college","Sansei",4
"499",552,"R_4LgQVOh404mm9Z9",100,"female",66,"college","Jimin",4
"500",553,"R_4YA9TmXTAfMvFCh",100,"female",42,"high","independent",1
"501",554,"R_4dIrQbOZu3tUM4F",100,"male",38,"college","Koumei",5
"502",555,"R_4qa1ixaECGYo67p",100,"female",31,"college","independent",2
"503",556,"R_4wtsrlZ9A6HDKUU",100,"male",37,"college","Jimin",4
"504",557,"R_4pRHSKx8pPdCVMU",100,"female",65,"high","Jimin",4
"505",558,"R_3EaiAmpQBYLSFN4",100,"male",46,"college","Jimin",4
"506",559,"R_4CWnDCo8uTjuUdZ",100,"male",58,"college","independent",4
"507",560,"R_4zHD4eD37L49nW8",100,"female",63,"college","independent",3
"508",561,"R_4rDkfJ3aDAtI22V",100,"male",51,"jr_col","independent",1
"509",562,"R_4ezwlZodXR2FyIo",100,"male",49,"college","independent",4
"510",564,"R_4m3LmLQlqcJwRih",100,"female",36,"college","Reiwa",4
"511",566,"R_4etBmgflU35cdjs",100,"male",51,"college","Rikken",5
"512",567,"R_9g2fACWxLAUbnXx",100,"female",65,"jr_col","Jimin",5
"513",568,"R_4hDLhAAIGpNfSIp",100,"female",34,"college","Sansei",4
"514",569,"R_4H1u90xGbp5NLO4",100,"female",61,"high","Sansei",5
"515",570,"R_4P7N9iVyZnXjKuH",100,"male",65,"college","independent",2
"516",571,"R_9bQa8HZSh6WmuKM",100,"male",52,"college","Jimin",5
"517",572,"R_97WeUvrkGgYLGcS",100,"female",43,"college","independent",2
"518",573,"R_9Gy5m12E83s4ZnH",100,"male",74,"college","Rikken",4
"519",574,"R_4PS6m8p6s5knXrP",100,"male",49,"college","Jimin",3
"520",575,"R_4c9beooh96PBgyd",100,"female",54,"high","independent",4
"521",576,"R_923EKZgH7CTOqmn",100,"male",67,"high","independent",2
"522",577,"R_4y0dgJMW605cjZf",100,"male",78,"college","independent",1
"523",578,"R_9Y7YIYayP0aIwBr",100,"male",70,"elementary","Koumei",1
"524",579,"R_9VOPL6O8QJunxwl",100,"female",43,"high","independent",3
"525",580,"R_9QzoWIAfzYO1QEV",100,"male",56,"high","Reiwa",5
"526",581,"R_9Jk3N2XhYfIHVct",100,"female",52,"college","Shamin",4
"527",582,"R_4EcVcS555M2w7Rf",100,"male",69,"college","independent",4
"528",583,"R_4KeGvyxfoc5w80C",100,"male",67,"high","Jimin",2
"529",584,"R_90MwaJxdWiuugmg",100,"female",53,"college","independent",4
"530",585,"R_9GvlrhC8UtDl2h6",100,"female",65,"high","independent",2
"531",586,"R_9PtcTyx6hHKnpEn",100,"female",32,"college","Jimin",5
"532",587,"R_9duRdpxf5AyvlEq",100,"male",73,"college","Jimin",4
"533",588,"R_4GgQNuw8T31EUmJ",100,"female",62,"high","independent",4
"534",589,"R_96fm2a0K4AA1aUe",100,"female",68,"jr_col","independent",2
"535",590,"R_4csOL6mgLdYD1wB",100,"female",50,"high","Sansei",4
"536",591,"R_41vbFiNpAP4lSy4",100,"female",24,"high","Reiwa",1
"537",592,"R_4kuXV6zupj9ZY0D",100,"female",37,"jr_col","Sansei",4
"538",593,"R_91nKxmtzhVQuyGk",100,"female",39,"college","Jimin",5
"539",594,"R_41pz8ixQ7f1307K",100,"male",68,"college","independent",2
"540",595,"R_4tr2ovtGdCJ5jdC",100,"male",69,"college","Jimin",4
"541",596,"R_9ow91zk7z7CHNXr",100,"male",68,"college","Koumei",3
"542",597,"R_90o4rnieGXqOkQb",100,"male",63,"high","Jimin",2
"543",598,"R_9VlMbwGBN5Z803Z",100,"male",68,"college","independent",4
"544",599,"R_90jJWX7U8jgdnV3",100,"female",59,"college","independent",3
"545",600,"R_4ibwaRkmOjCfjeo",100,"female",59,"college","independent",4
"546",601,"R_4tDtmt21Eqe9zZP",100,"male",60,"high","Jimin",4
"547",602,"R_4iRo8QegFj61cFM",100,"female",58,"jr_col","Jimin",5
"548",603,"R_4YQ7WtEdm8tTC9Z",100,"male",39,"college","independent",1
"549",604,"R_4XikOBPqZ0RUxz2",100,"male",24,"high","Jimin",4
"550",605,"R_478rSP1yf1chDBZ",100,"male",70,"college","Kokumin",4
"551",606,"R_40KWWtwxwZoaV6F",100,"female",52,"high","independent",2
"552",607,"R_9mkmhdLeWw9bLS6",100,"female",41,"college","Jimin",5
"553",608,"R_4yEke0LcpcqQRRD",100,"male",66,"high","Kokumin",4
"554",609,"R_97Mtw9ll78byT7z",100,"female",46,"elementary","independent",3
"555",610,"R_9lYqInKsFuqM5RB",100,"male",66,"college","Rikken",4
"556",611,"R_42VtWtt3l7k0pz4",100,"female",35,"high","Kokumin",4
"557",612,"R_9GfpcQrZrJQfp7j",100,"female",42,"high","Rikken",3
"558",613,"R_907rxveTSrijQxs",100,"male",46,"high","Reiwa",2
"559",614,"R_9TFP3E5YUSXAM1I",100,"male",77,"high","Jimin",4
"560",615,"R_4wdxxsLQMuRBlJd",100,"male",28,"elementary","independent",1
"561",616,"R_4qUtYbiMcaDYreA",100,"female",23,"high","independent",2
"562",617,"R_4dVN2F7IJ343W75",100,"male",24,"college","Rikken",4
"563",618,"R_49nzvzZeSiRdHXS",100,"male",34,"college","Ishin",4
"564",619,"R_4GrH5oi7G0unqn1",100,"female",31,"jr_col","Jimin",2
"565",620,"R_95XMc7SrLeo50UF",100,"female",39,"high","independent",1
"566",621,"R_4IgDGVHJWVjMwRs",100,"male",56,"college","Jimin",5
"567",622,"R_4KIQ2FZIXjTgtYO",100,"male",69,"jr_col","Hoshu",5
"568",623,"R_4oaOWIRMUtML5hp",100,"male",66,"high","independent",4
"569",624,"R_9gi1f37K0eMR8ET",100,"female",69,"jr_col","independent",3
"570",625,"R_4OJUApd5qDHuRSW",100,"female",31,"jr_col","Jimin",4
"571",626,"R_4ebkna3vcCOV36U",100,"male",76,"college","independent",5
"572",627,"R_93mLFcKzTWUZNdf",100,"female",30,"college","independent",5
"573",628,"R_4AkxuVJvaK8lpgR",100,"male",37,"jr_col","Koumei",5
"574",629,"R_4haTwT6I2TBOjui",100,"male",58,"high","Jimin",4
"575",630,"R_43kcVUFXK4TUGfB",100,"female",42,"high","independent",1
"576",631,"R_4AOQnrTK2kMntMR",100,"female",29,"jr_col","Kokumin",2
"577",632,"R_40PaUWmvqNcWDSh",100,"female",60,"high","independent",2
"578",633,"R_4Iawfh3luUycl1Y",100,"male",79,"college","Rikken",4
"579",634,"R_4n6O9o7QQHQvKAd",100,"female",41,"college","independent",4
"580",635,"R_4PcVajNBBMNhcDV",100,"female",50,"high","independent",2
"581",636,"R_9FzFm8HmvVJtxmN",100,"female",44,"college","Jimin",4
"582",637,"R_4Ui7pMXkzEOXFTJ",100,"male",50,"high","independent",3
"583",638,"R_4L6yFUfzh6lPN3D",100,"female",51,"college","Kokumin",4
"584",639,"R_4e36QSttorjZRAm",100,"male",27,"high","independent",5
"585",640,"R_4q89u2VuV4NPnJn",100,"male",43,"college","Kokumin",4
"586",641,"R_9ruQh0KETpyA06M",100,"male",36,"elementary","independent",5
"587",642,"R_9FaDXeQP395fNN5",100,"male",75,"college","Rikken",5
"588",643,"R_4q1KkGiK4CNteNj",100,"female",58,"jr_col","independent",4
"589",644,"R_44enWYy9nhX9xGs",100,"male",41,"jr_col","independent",1
"590",645,"R_4LlQu4r25nTOlJn",100,"female",57,"high","Rikken",5
"591",646,"R_4rzzworqt1lc1TH",100,"female",58,"high","Kokumin",4
"592",647,"R_4Vjrn0MI46r0ySY",100,"male",70,"college","Jimin",5
"593",648,"R_9VaEltsLQjV1sad",100,"female",52,"high","independent",2
"594",649,"R_4LI647p4GTtZh5F",100,"male",43,"high","Kokumin",4
"595",650,"R_41Hd5MlwsfqjrB7",100,"male",76,"college","Rikken",5
"596",651,"R_9EdjuB89cTO7oRz",100,"female",44,"jr_col","Jimin",3
"597",652,"R_4jTDwYPQG8CL18p",100,"male",30,"high","Koumei",5
"598",653,"R_4MC5LTOpC83rCeZ",100,"male",61,"college","Rikken",4
"599",654,"R_4jrtuQiM4iXce1b",100,"female",50,"high","Koumei",3
"600",655,"R_9odJZ8u37X2jbVL",100,"female",50,"jr_col","independent",3
"601",656,"R_40jUzfXGv2E1PMq",100,"female",68,"college","Rikken",4
"602",657,"R_9fF2WKgvLiPWY13",100,"female",59,"jr_col","Rikken",4
"603",658,"R_4Eo5EckW1Je1qls",100,"male",77,"college","Rikken",5
"604",659,"R_9nVBL1iKgEXkIkU",100,"male",29,"college","independent",1
"605",660,"R_4NsTaj9DQsAIUcg",100,"female",49,"college","independent",2
"606",661,"R_4dWIXcX2I8pRHoJ",100,"male",27,"college","Kokumin",4
"607",662,"R_9eaQ1rujpTUdTfw",100,"female",36,"college","independent",3
"608",664,"R_4LHEA8iY8HsaDzT",100,"male",70,"college","Rikken",4
"609",665,"R_95FTAXvx8ybRVQJ",100,"male",44,"elementary","independent",3
"610",666,"R_9fx8hcVrlYP3P4f",100,"female",52,"college","Hoshu",2
"611",667,"R_9ARLkBHLRJcx4ch",100,"male",40,"jr_col","Ishin",4
"612",668,"R_4finFeABOZL9Vot",100,"male",66,"college","independent",5
"613",669,"R_9L6XxXNGEniJAqJ",100,"male",42,"college","independent",4
"614",670,"R_4HhJd2cVSG3I94k",100,"female",59,"college","independent",1
"615",671,"R_4HNc4DHVzRzkH6S",100,"female",49,"jr_col","Kokumin",2
"616",673,"R_4DoOLtgbcLxzQ71",100,"male",44,"jr_col","Hoshu",4
"617",674,"R_97sryEEJzPepvI7",100,"male",71,"college","Ishin",5
"618",675,"R_9dbPlqd9PLq7YLy",100,"female",36,"jr_col","independent",2
"619",676,"R_9E5HDhAUE3VfK0x",100,"male",67,"college","Jimin",5
"620",677,"R_996pom0naK7eXyK",100,"male",80,"elementary","Kokumin",3
"621",678,"R_9njG4Y1vWNl62ca",100,"male",28,"jr_col","Sansei",3
"622",679,"R_9QLwYIiXeCHCDkw",100,"female",32,"college","independent",3
"623",680,"R_9RRlTycCKI8jnWl",100,"female",30,"college","independent",3
"624",682,"R_9DIpEWEu6LpyWuF",100,"female",24,"college","Shamin",4
"625",683,"R_472MXePtAjMecv3",100,"male",71,"college","Jimin",4
"626",684,"R_4OkmfwYExAS0kQ2",100,"female",51,"high","Koumei",3
"627",685,"R_41RYDlTJFNynHT4",100,"male",67,"college","independent",4
"628",686,"R_41F9QOuJFCCk3Wy",100,"male",66,"college","Sansei",4
"629",687,"R_9mq7Q2Efw4azdkY",100,"female",60,"high","independent",3
"630",688,"R_91v0hv9hM3JcGgb",100,"female",40,"high","Jimin",4
"631",689,"R_45zkvM6eGaEc7Sv",100,"female",46,"high","Sansei",2
"632",690,"R_9IuEs5VmByXSVnr",100,"female",25,"jr_col","Koumei",3
"633",691,"R_92lzFb7Pb6WsPrp",100,"male",69,"college","independent",4
"634",692,"R_9Q5dwhOOnX9w5Y5",100,"female",60,"college","Koumei",5
"635",693,"R_9yV3aIdIjrgDn0d",100,"female",55,"high","Ishin",4
"636",694,"R_4GOMcrCrKSc63GH",100,"male",56,"high","Reiwa",3
"637",695,"R_9mWZb5uPlZYPScH",100,"female",50,"high","independent",4
"638",696,"R_4IXDXGt3usml7go",100,"male",68,"college","Jimin",4
"639",697,"R_4lgyB3Yob1AIkig",100,"female",56,"college","Kokumin",4
"640",698,"R_4Gy7ZI02Hp8xirN",100,"male",50,"college","Ishin",5
"641",700,"R_4krCrjCGlBzmwc9",100,"male",68,"college","independent",4
"642",701,"R_94Iqsu9gEw49oOt",100,"female",40,"high","Kokumin",4
"643",702,"R_9O78TU5MBsEWFcL",100,"male",65,"jr_col","independent",3
"644",703,"R_4V7mMYaHm2Dlay5",100,"female",24,"college","Ishin",3
"645",704,"R_9hM9oZDlWnQkVGO",100,"male",69,"college","Jimin",4
"646",705,"R_4TWixFxSF73QHkt",100,"male",26,"college","Jimin",5
"647",706,"R_40CsQxNBBzcnKTc",100,"male",70,"college","Hoshu",5
"648",707,"R_4Qqbel4fy7mtIyd",100,"female",54,"college","independent",4
"649",708,"R_41jwqn2NnLPF9FY",100,"female",52,"jr_col","independent",4
"650",709,"R_9l8ds9TeOiKA8Pn",100,"female",42,"college","Ishin",4
"651",710,"R_9v1uJKz8XmbonpT",100,"female",52,"college","Ishin",4
"652",711,"R_9XWYCNsOWQWv5Zf",100,"female",50,"jr_col","Kokumin",4
"653",712,"R_9MJVNWk7BITwYZH",100,"female",32,"college","Ishin",4
"654",713,"R_4lidAQGH3NN72nd",100,"male",67,"college","Ishin",4
"655",714,"R_9gk38GKBCzc6wsp",100,"female",63,"jr_col","independent",2
"656",715,"R_4tUKy9YU3vJKkNz",100,"female",57,"high","Jimin",4
"657",716,"R_9Lk2sfzLUGEWgTf",100,"male",65,"college","Sansei",3
"658",717,"R_4HNDBdW5usR0GvF",100,"female",64,"high","Jimin",5
"659",718,"R_9TFrL18BE28ho6f",100,"male",52,"college","Jimin",4
"660",719,"R_4DC5ABtm8uSWkMp",100,"male",69,"college","independent",4
"661",720,"R_97IQc9SpLV9SO1B",100,"female",37,"college","independent",3
"662",721,"R_95WNwAU6xqGrgnC",100,"female",48,"jr_col","independent",4
"663",722,"R_4YE3mdjLz1OFkdz",100,"male",25,"college","Shamin",3
"664",723,"R_9OespflDkHKU2tD",100,"female",34,"elementary","independent",1
"665",724,"R_4fcwQA4xWrag4Mx",100,"female",47,"college","independent",4
"666",725,"R_9GEo14Eimz4FwwV",100,"male",68,"college","Ishin",3
"667",726,"R_9MwMMbdLqlY2ZmV",100,"male",56,"jr_col","Jimin",2
"668",727,"R_9lYSr9sr7TMjGBH",100,"male",51,"high","Jimin",4
"669",728,"R_4luj1V6xHrOR02S",100,"male",40,"college","independent",5
"670",729,"R_4rM2t4Zn8WS6df6",100,"female",54,"jr_col","independent",3
"671",730,"R_9f96lSYUTZmmua4",100,"male",50,"college","Sansei",5
"672",731,"R_4M6fYUTuJbjxcxu",100,"female",63,"college","independent",4
"673",732,"R_4rB39slyoQXEVJm",100,"male",25,"college","Kokumin",2
"674",733,"R_4Q7mdkp9gv4Hprr",100,"female",42,"high","independent",2
"675",734,"R_9j2pCsEF0dK4kuV",100,"male",70,"college","independent",4
"676",735,"R_4Nepyp8ecx0lCC6",100,"female",41,"college","independent",2
"677",736,"R_4ozG5nhCloooh6N",100,"female",48,"jr_col","Sansei",4
"678",737,"R_9lATCpFhnWCiR7X",100,"male",55,"college","Reiwa",4
"679",738,"R_4nVlzPSSJu3GkRp",100,"male",65,"college","Jimin",4
"680",739,"R_9PINfPRYL3hqcfv",100,"female",48,"college","Kyousan",4
"681",740,"R_9370zEUbA1d0u1Z",100,"female",36,"jr_col","Hoshu",2
"682",741,"R_9HMQtQRDOr1Y9AA",100,"male",34,"college","Jimin",3
"683",742,"R_43dSPX16o3bPvC5",100,"male",36,"college","Ishin",3
"684",743,"R_4eMwk8PU1H0JiAp",100,"male",32,"college","Jimin",5
"685",745,"R_9p5oTznhcIUG957",100,"female",20,"high","Jimin",4
"686",746,"R_4uGk8bsORRA8rex",100,"male",65,"high","Sansei",5
"687",747,"R_4eRvZCt5kdVtlXK",100,"male",82,"college","Rikken",5
"688",748,"R_4iEkNbi034g4BKO",100,"male",34,"college","Jimin",4
"689",749,"R_9rYuPw1d4FXcpke",100,"male",50,"college","Ishin",3
"690",750,"R_4aJ5mJdYhgUBRdl",100,"male",65,"college","Jimin",4
"691",751,"R_4eM9A8gYELnz5gB",100,"male",70,"high","independent",2
"692",753,"R_4BqyGak53663NAx",100,"male",74,"high","Jimin",4
"693",754,"R_4hChyrOX7SK8gWB",100,"male",58,"high","Jimin",4
"694",755,"R_4nCNmCBIz0nsIFR",100,"female",34,"college","Rikken",4
"695",756,"R_4Po3OOYD9hjAniF",100,"male",30,"jr_col","Kyousan",4
"696",757,"R_4eJocAVXiog11Wj",100,"female",41,"high","independent",1
"697",758,"R_4Kx93VY8BGLEECQ",100,"male",71,"college","independent",2
"698",759,"R_9Tz9nbYFmEyMGRu",100,"female",42,"jr_col","independent",2
"699",760,"R_9pmRcxXtF1ptFz7",100,"male",26,"high","Sansei",3
"700",761,"R_4CMQdiiiIHBEsH7",100,"male",68,"high","Ishin",2
"701",762,"R_9Lk5Skl6AhGy7Cx",100,"female",54,"jr_col","Jimin",2
"702",763,"R_4rrna4ApYGr0ehL",100,"male",52,"college","Jimin",4
"703",764,"R_4R1KAkLyqPHQrDd",100,"female",60,"jr_col","Koumei",4
"704",765,"R_9mWUV1DaUdXeM0N",100,"female",52,"jr_col","independent",4
"705",766,"R_4Bm8ujOVajTVkxW",100,"female",77,"high","Jimin",4
"706",767,"R_4w1oJgWplhli4tr",100,"male",70,"college","independent",4
"707",768,"R_4rMMKxcuD1ifgWY",100,"male",68,"college","independent",2
"708",769,"R_9ojnV6ROrTgac4g",100,"female",27,"college","Kokumin",5
"709",770,"R_4nMH7w0RnKsSAxd",100,"male",33,"high","Reiwa",3
"710",771,"R_4HAAn9iszbdW3yw",100,"female",58,"high","independent",3
"711",772,"R_4EYAf4wCWd8tkbR",100,"female",30,"high","independent",2
"712",773,"R_9rU2oliBcMtzMlK",100,"female",30,"college","independent",5
"713",774,"R_4kqTkW2MbzyzALT",100,"female",65,"college","Jimin",3
"714",775,"R_408A8oT8YUMWCSu",100,"female",61,"jr_col","independent",4
"715",776,"R_90uzL9DQXqAMcSa",100,"male",30,"college","Ishin",4
"716",777,"R_969EUYXlO3GoARA",100,"female",60,"college","independent",1
"717",778,"R_96rcOCwappu6lTr",100,"female",65,"high","Jimin",4
"718",779,"R_42lRexZfVCn8mvx",100,"male",40,"college","Mirai",2
"719",780,"R_9c6eJFZCYl8FUl0",100,"female",78,"jr_col","independent",2
"720",781,"R_9yYssLAJoNjRHJn",100,"male",44,"college","Jimin",1
"721",782,"R_9kCjtbdyOntWBTp",100,"male",71,"college","Jimin",4
"722",784,"R_9kzikcKasHg5WYy",100,"female",36,"jr_col","Sansei",4
"723",785,"R_4bcJr6x5qc8Pdgl",100,"female",26,"jr_col","Jimin",4
"724",786,"R_9gpG8XTkDN3uPqi",100,"male",67,"college","independent",4
"725",787,"R_4J5KzgGOF4UgGFX",100,"male",74,"college","independent",5
"726",788,"R_4Mz0yE573GxMuJk",100,"male",67,"college","Rikken",5
"727",789,"R_4djeXaThPw18ISt",100,"male",73,"college","Jimin",5
"728",790,"R_4RkHljSZ8Oeumyl",100,"male",27,"college","Jimin",4
"729",791,"R_40CXcSB9ASzinfE",100,"female",42,"jr_col","independent",4
"730",792,"R_4CO4imH3M5eptlJ",100,"male",68,"jr_col","independent",2
"731",793,"R_9Uaeaj4eu6vnffr",100,"female",51,"college","Koumei",4
"732",794,"R_41aptQSwMWVKTxm",100,"male",58,"college","Jimin",3
"733",795,"R_9eWfWmDts9IepPN",100,"female",54,"high","independent",4
"734",796,"R_9oRwbGS7SMW87sg",100,"male",74,"college","Jimin",3
"735",797,"R_4VQl9Y2Q2RWe7Dq",100,"male",69,"jr_col","Koumei",4
"736",798,"R_9qmBZw2NAipfAJI",100,"female",67,"high","independent",3
"737",799,"R_4e92Wpl1MrEwaSK",100,"male",55,"high","Koumei",4
"738",800,"R_4doLdNARujBIrqc",100,"female",30,"jr_col","Kokumin",4
"739",801,"R_434v7C0ob1YKaEp",100,"male",84,"college","Rikken",5
"740",803,"R_9g5r54dJmLmFd6X",100,"male",58,"college","independent",5
"741",805,"R_4Reag2duYe6pKuS",100,"male",65,"high","independent",4
"742",806,"R_9gT1gZuJGpWKYtJ",100,"female",44,"high","independent",4
"743",807,"R_4IYABoYomqFuyFX",100,"male",30,"college","independent",4
"744",808,"R_9QDp4KRO1sE9vJ3",100,"female",55,"jr_col","independent",5
"745",809,"R_4K7RjU2yIccq9R3",100,"female",31,"college","Kokumin",2
"746",810,"R_4LSWszul3GwXbWS",100,"female",50,"jr_col","independent",2
"747",811,"R_4DTIB5NsJjjLf1p",100,"female",61,"jr_col","independent",2
"748",812,"R_4q3Q5UxLN4AeuEZ",100,"female",43,"college","independent",3
"749",813,"R_9UesAilOd07YEO5",100,"female",66,"college","Ishin",4
"750",814,"R_9lGpQjLbW4Xzu7P",100,"male",67,"college","Ishin",4
"751",815,"R_9EmVpReYTlfP25X",100,"female",65,"college","Kyousan",4
"752",816,"R_9HjiDQpyBTr94ts",100,"male",38,"college","independent",4
"753",817,"R_4gkBgrOAdXWlGxj",100,"male",39,"high","Kokumin",2
"754",818,"R_9ckB9gCMQI3fj4i",100,"male",42,"high","Sansei",5
"755",819,"R_9VPJfp1rBQ2YpJ6",100,"male",70,"college","Rikken",5
"756",820,"R_4qXeJwHOKj03H3z",100,"male",60,"college","Ishin",4
"757",821,"R_9Eo5PgaizqF8INU",100,"female",48,"college","Jimin",4
"758",822,"R_9gWtRtzypnHC8eJ",100,"male",33,"college","Mirai",3
"759",823,"R_9SmeO9o6VdIj4vT",100,"male",68,"college","Reiwa",4
"760",824,"R_9KxaaNIUGAPXxjr",100,"female",50,"high","Ishin",4
"761",825,"R_41ckOyElfEfoI8j",100,"male",71,"high","Ishin",5
"762",826,"R_9786p00ovAyxk2E",100,"male",80,"college","Jimin",4
"763",827,"R_9mQPVBnFIoF1GEN",100,"male",71,"college","Rikken",4
"764",828,"R_4IoEugHbCbdeEVz",100,"male",76,"high","Ishin",4
"765",829,"R_4bQHPZKFeqFSzqp",100,"male",66,"college","Hoshu",5
"766",830,"R_9JJyq3J8iP05eC1",100,"female",22,"jr_col","Jimin",2
"767",831,"R_4U5RJyQdABAMQZ6",100,"male",30,"college","Jimin",5
"768",832,"R_4P1Yx0d9RAugpPP",100,"female",25,"college","independent",3
"769",833,"R_4DY136wsT8ikn2Y",100,"male",56,"jr_col","Ishin",3
"770",834,"R_4v2nfRIgUb2cyWL",100,"female",21,"high","independent",2
"771",835,"R_9dneiPNUtQXFfEn",100,"male",41,"high","Jimin",5
"772",836,"R_99phLFiemTDOoMh",100,"male",66,"college","independent",4
"773",837,"R_91BWw9thrGdorVr",100,"male",67,"jr_col","Jimin",5
"774",838,"R_4EsCloqeUsr4cGG",100,"male",53,"college","Kokumin",4
"775",839,"R_4QYLYeKdMbyi6P9",100,"female",77,"elementary","Ishin",4
"776",840,"R_99naxq5jmgxPD21",100,"male",33,"college","Jimin",4
"777",841,"R_4cucLrZ3scvLpAY",100,"female",42,"college","Reiwa",5
"778",842,"R_937Bjg64d03QFYe",100,"female",42,"jr_col","independent",4
"779",843,"R_9FD4JhGUO4UuRJr",100,"female",58,"high","Rikken",4
"780",844,"R_4X1u3UasYjyXV3b",100,"female",72,"jr_col","Hoshu",5
"781",845,"R_9zEAp8q3B2oL5kt",100,"male",74,"college","Rikken",5
"782",846,"R_9IQ5yM5SHiXWQHu",100,"female",23,"college","independent",3
"783",847,"R_9ZDBjik09Z1MdZq",100,"male",70,"college","Jimin",5
"784",848,"R_4dlVCm4u5XLe14G",100,"female",40,"college","Reiwa",4
"785",849,"R_94nklDY2u9Undhn",100,"male",66,"college","independent",3
"786",850,"R_4tyxyWim2KMdMSE",100,"female",32,"jr_col","Jimin",2
"787",851,"R_4guP9HzsIW6IQd2",100,"male",30,"college","Jimin",4
"788",852,"R_4cd3u37z7YC8UXW",100,"female",49,"jr_col","Jimin",4
"789",853,"R_9kbEE6ROB2zJfzj",100,"male",51,"college","Kokumin",4
"790",854,"R_4SO0xAUejZDhP7b",100,"female",66,"high","Rikken",4
"791",855,"R_9D5rz3lLIyd5Kl2",100,"female",57,"jr_col","independent",4
"792",856,"R_4RikWr2vt7zrfxv",100,"female",43,"jr_col","Rikken",3
"793",857,"R_9K5gasxHiGdZdrH",100,"male",34,"college","Jimin",4
"794",858,"R_9E6zb99tivC3VXG",100,"male",65,"college","independent",1
"795",859,"R_9hA1SPA0xB160JH",100,"male",45,"jr_col","Reiwa",3
"796",861,"R_4P6oZXKpQgWmMO0",100,"female",27,"high","independent",1
"797",862,"R_9laaBGs2J267qlX",100,"male",73,"college","Jimin",5
"798",863,"R_4rCMVQS5IkT3qwh",100,"female",68,"high","independent",4
"799",864,"R_9VdXhdN7s8WpCkW",100,"male",65,"high","Rikken",4
"800",865,"R_9CwhXaeqzJJmdFj",100,"male",73,"jr_col","independent",4
"801",866,"R_411uo4omGcnk1bg",100,"female",39,"jr_col","independent",2
"802",867,"R_9iSMUE95NtIA2MF",100,"male",70,"high","Jimin",4
"803",868,"R_9bVXgrSQV421XnX",100,"female",43,"college","independent",2
"804",869,"R_4MnX9FJMcCvMm6Y",100,"female",36,"college","Rikken",4
"805",870,"R_9mXHaUcNKNASogo",100,"male",27,"college","Jimin",4
"806",871,"R_9MKSnGWUJPY07sd",100,"female",55,"elementary","Jimin",3
"807",872,"R_4OZDr4RrnQ3Q0Dv",100,"female",72,"college","Jimin",3
"808",873,"R_9xUUGWZNmOq1D5X",100,"female",42,"high","independent",4
"809",874,"R_4IXKggkfPiT6ch0",100,"male",64,"college","Rikken",5
"810",875,"R_9LRtId5gEID03qc",100,"female",56,"jr_col","Sansei",5
"811",876,"R_4LI6zEp0U84e9yk",100,"male",28,"college","independent",4
"812",877,"R_4D7iA0nl7FFBi5c",100,"male",55,"high","Kyousan",4
"813",878,"R_4UgYSTVbSFa70Y9",100,"male",68,"college","independent",3
"814",879,"R_4N8h84kBTp2jiuF",100,"male",52,"college","Jimin",3
"815",880,"R_4QAKeCh3lq5NSY7",100,"male",63,"college","Shamin",4
"816",881,"R_4Mwo293QaaqoOI1",100,"female",25,"high","independent",4
"817",882,"R_9GF57fHP1dRGTYd",100,"female",65,"college","independent",2
"818",883,"R_9c50QUeImfdZ1oR",100,"female",24,"jr_col","Mirai",3
"819",884,"R_4zXSGNwL5aNsYs5",100,"female",60,"jr_col","Jimin",4
"820",885,"R_40JdnT6KiR9rNKh",100,"male",51,"high","Hoshu",5
"821",886,"R_4sRTfn5h3lV8qAj",100,"male",87,"high","Rikken",4
"822",887,"R_4eE8lH9ccSBuQCZ",100,"male",77,"college","Sansei",4
"823",889,"R_4LbdOjAiArZc79r",100,"female",21,"college","Kokumin",4
"824",890,"R_45SpbCWd2edW7Ni",100,"male",55,"college","Shamin",4
"825",891,"R_4AHcRYh02fMmxDI",100,"male",67,"elementary","Sansei",3
"826",893,"R_9f1ypY41hRlsMGP",100,"male",83,"high","independent",4
"827",894,"R_9lLXR3meYz5mb0B",100,"male",67,"high","independent",2
"828",895,"R_4OJEqCzOOCJtQhh",100,"male",67,"high","independent",2
"829",896,"R_9noMMloHZcthkMp",100,"male",73,"high","Jimin",4
"830",897,"R_9oXZfxphA6Vl1Jd",100,"male",65,"high","independent",4
"831",898,"R_4gsbyE4nkkjwoZX",100,"female",67,"college","Jimin",5
"832",899,"R_4NRlvfmU4T9OQCf",100,"male",32,"college","Reiwa",3
"833",900,"R_9E63jAmSfN6iJmL",100,"male",68,"college","Ishin",4
"834",901,"R_4bHv69nGSiFmfG9",100,"female",55,"college","Reiwa",5
"835",902,"R_45GucDgqPIqXULH",100,"male",66,"college","Koumei",4
"836",903,"R_4EgwJZBRfrPfxhi",100,"female",34,"high","Koumei",4
"837",904,"R_9s7L81uaxhUhTYH",100,"male",66,"college","independent",1
"838",905,"R_9DHjlH0ba4CLuvL",100,"male",74,"college","Rikken",4
"839",906,"R_9YYEnossOdXRTN5",100,"male",43,"college","independent",2
"840",907,"R_4IWArKoWL8eQ0nd",100,"male",67,"high","Kokumin",4
"841",908,"R_4CNJoSGWAGuhuuK",100,"male",66,"high","Jimin",5
"842",909,"R_4sX4KiSA9TAIIBk",100,"male",76,"college","Kyousan",5
"843",910,"R_424TIBwNeuHfRGp",100,"male",64,"college","Jimin",5
"844",911,"R_4melxdOoC2SNipg",100,"male",53,"college","Sansei",5
"845",912,"R_9veaiCxw8CKpDO2",100,"male",25,"college","independent",3
"846",913,"R_9oK1ONRSeAA4nNT",100,"female",66,"college","independent",4
"847",914,"R_4U9IFkeQGOOmMlp",100,"female",45,"college","Hoshu",4
"848",915,"R_9Epe4dldk5EA1Vh",100,"female",35,"jr_col","Kyousan",2
"849",916,"R_4q4TTw1D9c6naTL",100,"female",71,"jr_col","independent",3
"850",917,"R_9RdsdguF2SlmxDI",100,"male",78,"high","Jimin",4
"851",918,"R_4KBlGUgH9oJcjlK",100,"male",70,"high","independent",4
"852",919,"R_91dxbkB8Op8FacN",100,"male",57,"jr_col","Jimin",5
"853",920,"R_40UPvP9ykCpbNOS",100,"male",67,"college","Jimin",3
"854",921,"R_4cej5H26ggBT7bf",100,"female",19,"high","Kokumin",4
"855",922,"R_9Vd2whqZNAEOmxb",100,"female",52,"jr_col","Jimin",4
"856",923,"R_933YW9gMDvF64X5",100,"male",79,"college","Rikken",4
"857",924,"R_9sGmvr6UfplwcCZ",100,"male",67,"college","Ishin",4
"858",925,"R_4EcU1ttK9xSUJtB",100,"male",71,"college","Rikken",4
"859",926,"R_42mC4SH6KClj2sJ",100,"female",19,"jr_col","independent",2
"860",927,"R_4KWMLIkCK7elsKB",100,"male",70,"high","Rikken",4
"861",928,"R_4Jl4yHXMewnTB8B",100,"female",65,"jr_col","independent",3
"862",929,"R_98HvK2tWSqbQlHl",100,"female",40,"jr_col","Jimin",3
"863",930,"R_98omzG59wI1W797",100,"male",21,"high","Koumei",5
"864",931,"R_4tkzd7EaW2PYMlH",100,"male",36,"high","Jimin",3
"865",932,"R_4BtkQlSR5EDEUBH",100,"male",66,"jr_col","Rikken",3
"866",933,"R_9PhSBnxLiarSK2T",100,"male",68,"college","independent",4
"867",934,"R_4etnWpqp8HAjdy4",100,"male",35,"college","independent",5
"868",935,"R_4gUiGBiY8aTBPPL",100,"male",69,"college","independent",4
"869",936,"R_9fa7Izm1I6wnKJP",100,"male",79,"high","Jimin",5
"870",937,"R_4Pvgz79GHu3BrI7",100,"male",77,"college","independent",5
"871",938,"R_4Hv11sHlga8R5ja",100,"female",44,"college","independent",2
"872",939,"R_9rOyGvTHjoLwK3u",100,"male",18,"college","Jimin",5
"873",940,"R_9fTvq2hEGt92eoF",100,"female",82,"college","Rikken",5
"874",941,"R_9gnAGQKIAemZv7b",100,"male",67,"college","Rikken",4
"875",942,"R_9xRb3YWD5r7jVxW",100,"female",40,"college","independent",4
"876",943,"R_4QMhWsFVpoPMSrM",100,"male",76,"college","Ishin",4
"877",944,"R_4IQZsUYCZqfgO8R",100,"female",22,"college","Jimin",5
"878",945,"R_4WdpSj1VME2ybIJ",100,"female",56,"high","independent",2
"879",946,"R_4qwtHRBVCMxKK3W",100,"male",66,"college","Jimin",3
"880",947,"R_9oYnn2GlDaT8p2Q",100,"male",69,"high","independent",2
"881",948,"R_4Leq3zYMQxQL067",100,"male",70,"college","independent",4
"882",949,"R_44EA7yaH8HvMuHv",100,"male",65,"high","independent",5
"883",950,"R_9Sq40IwmJyMGsbU",100,"female",19,"college","independent",2
"884",951,"R_9hXaaAdfJusa5Ko",100,"male",72,"jr_col","Rikken",5
"885",953,"R_4X7FoXpz6e862ce",100,"female",41,"high","Sansei",5
"886",954,"R_4P7rarQCU9a77I6",100,"female",44,"jr_col","independent",4
"887",955,"R_438i2PhS7ihsUoN",100,"female",73,"high","misc",4
"888",956,"R_4MMzO6rcnmXQhcg",100,"male",74,"high","Kyousan",4
"889",957,"R_4kqoXgKjjTmQ7KN",100,"male",66,"college","Jimin",5
"890",958,"R_4O6B35l3kJPzEWs",100,"male",66,"college","Jimin",4
"891",959,"R_91WYY5bRLQ0gQY7",100,"male",72,"high","Jimin",5
"892",960,"R_90Td2eNqcRxZ9wP",100,"female",70,"jr_col","Jimin",4
"893",961,"R_9ElXmS9RK69Lwrb",100,"female",65,"college","Rikken",5
"894",962,"R_4aK97eiUZ9Gvbb1",100,"male",75,"college","Rikken",5
"895",963,"R_4S0MJo7suBepcuB",100,"female",65,"high","Ishin",4
"896",964,"R_49tfnvvwgRO3mV3",100,"male",65,"college","Rikken",4
"897",965,"R_9D5FM6BeIbx9Nvq",100,"female",32,"high","independent",1
"898",966,"R_9JkKQE1L0MME0RC",100,"male",65,"jr_col","Jimin",5
"899",967,"R_9YkVEwI6Q6MXpnM",100,"male",72,"college","Jimin",5
"900",968,"R_9pL4Lr4fDpAEqbP",100,"female",67,"college","independent",4
"901",969,"R_4eufmfEekmJGPx7",100,"male",42,"college","Jimin",5
"902",970,"R_4jdgUAnvZHOGcmJ",100,"female",22,"college","Jimin",3
"903",971,"R_41szMxNk2eJ5KFK",100,"female",72,"jr_col","Koumei",4
"904",972,"R_9rNSUCtZEfQCsLf",100,"female",35,"college","Sansei",5
"905",973,"R_9X6aGVKORrIZg6B",100,"male",31,"high","independent",2
"906",974,"R_4QWnOaScVXYaIRA",100,"female",56,"college","Jimin",5
"907",975,"R_42LpaLwndmUtjjj",100,"male",21,"elementary","Sansei",4
"908",976,"R_4wXdcAyqybmW5Et",100,"male",75,"college","Shamin",4
"909",977,"R_9ElZydLUzN1lyaD",100,"female",69,"high","independent",1
"910",978,"R_4Jw79r41Ul7wQTv",100,"female",74,"high","Kyousan",4
"911",979,"R_9TTwjbi9t7nnXNQ",100,"female",43,"high","independent",2
"912",980,"R_4qlle93jDTrjsGf",100,"male",68,"college","Rikken",5
"913",981,"R_4CHN3ApLsLG5WeX",100,"female",70,"college","Jimin",4
"914",982,"R_49OuhxNj80JJ36F",100,"male",83,"high","Ishin",3
"915",983,"R_4K8uV03OvRG901X",100,"male",70,"college","independent",4
"916",984,"R_97iiCzNcXoYMh1f",100,"male",70,"college","independent",5
"917",985,"R_9fBVpcDzrKT0FPc",100,"female",66,"college","Reiwa",4
"918",986,"R_9QGuZTKvE2sSVqv",100,"male",67,"college","Ishin",4
"919",987,"R_4zb5qstE5l0UtSF",100,"male",60,"jr_col","Rikken",4
"920",988,"R_9FwEQDg5dXM0oov",100,"female",37,"jr_col","independent",4
"921",990,"R_9WxypY8Jl9DZFCr",100,"male",61,"elementary","Koumei",5
"922",991,"R_9rvkKucGGWaTpqh",100,"female",72,"high","Jimin",4
"923",992,"R_4wgfFwJ3jctB9LA",100,"male",65,"high","misc",1
"924",993,"R_4eOP6GiWjTGzHbr",100,"male",63,"high","independent",3
"925",994,"R_4mIyPdOo65TpBYI",100,"male",74,"college","Rikken",5
"926",995,"R_9ZKcW6C4c7IlpEx",100,"male",78,"high","Jimin",4
"927",996,"R_4JFOtX3nbnfg39F",100,"female",66,"high","Koumei",4
"928",997,"R_9OBIbeujoxI3TcS",100,"female",19,"college","Kokumin",5
"929",998,"R_4wo6cCksNXidD0o",100,"male",74,"college","Kyousan",5
"930",999,"R_9HWP9Tcs6aA88hj",100,"male",76,"high","Jimin",3
"931",1000,"R_4eruU9fpPAJ0UWl",100,"male",82,"high","Kyousan",4
"932",1001,"R_9xVkQn7wxBtRnim",100,"female",56,"jr_col","Rikken",1
"933",1002,"R_4UhJJlFZIJe9lh7",100,"female",63,"high","independent",4
"934",1003,"R_4QVvXqZph26VhwU",100,"female",68,"jr_col","independent",3
"935",1004,"R_9EoWwVwjqvlYJfR",100,"male",57,"jr_col","independent",3
"936",1005,"R_4frEWIO55ZQitZx",100,"male",59,"college","Jimin",5
"937",1006,"R_9oRzJztyHRCaaho",100,"female",60,"high","Jimin",3
"938",1007,"R_4Mgo76icYs11AYV",100,"female",70,"jr_col","independent",4
"939",1008,"R_4QFO1VhWleS6bxM",100,"male",39,"jr_col","Sansei",3
"940",1009,"R_4BsoaaohD2ol8U9",100,"male",69,"college","Jimin",4
"941",1010,"R_91bzr1nLXDiWAdE",100,"female",74,"high","Jimin",4
"942",1011,"R_4rceX25hmYTomJz",100,"male",68,"college","Rikken",4
"943",1012,"R_4jcBZHAVZjRRNlE",100,"male",24,"high","Kokumin",5
"944",1013,"R_9VodoJQM7Rtz7rj",100,"male",77,"high","independent",4
"945",1014,"R_4RHjCrWbRKBZKH7",100,"male",32,"college","Sansei",4
"946",1015,"R_9P8cw7bWIYtz72h",100,"female",71,"high","independent",3
"947",1016,"R_437mhhsCOCY66Mj",100,"female",43,"college","Rikken",5
"948",1017,"R_4Hk4P4Jx7Qegql9",100,"female",45,"high","independent",4
"949",1018,"R_916XTg1FdcicIRF",100,"male",63,"jr_col","Sansei",4
"950",1019,"R_9KNt4ibKgytwCoX",100,"female",64,"high","independent",3
"951",1020,"R_9wbNekMc6zWxJTY",100,"female",81,"high","Rikken",4
"952",1021,"R_9mdV0L67M7DivCJ",100,"female",66,"jr_col","Sansei",4
"953",1022,"R_9hQEOwKu2Iu0awO",100,"female",68,"college","independent",4
"954",1023,"R_997uZUwdiA1GbcZ",100,"male",72,"high","Kokumin",4
"955",1024,"R_9CsjT3tMiBCGRsz",100,"female",67,"jr_col","Ishin",2
"956",1026,"R_4OZUlPSzdpvHvBm",100,"female",61,"high","independent",2
"957",1027,"R_4to5LBjPifL2lcV",100,"male",66,"high","misc",4
"958",1028,"R_9PucyY5XftLfi6K",100,"female",51,"high","independent",2
"959",1029,"R_9OiCwAI36Z28KFI",100,"male",19,"high","Sansei",3
"960",1030,"R_9eQV9BDwpb9nAQ9",100,"male",34,"jr_col","Jimin",5
"961",1031,"R_9huVJJ9gUu3s9bP",100,"female",29,"high","Reiwa",1
"962",1032,"R_4anVjhQUt07TVDf",100,"male",22,"college","independent",3
"963",1033,"R_4O9aIz05eV23PhM",100,"female",60,"high","independent",2
"964",1034,"R_97lSvLroFWMOeAN",100,"female",73,"high","independent",3
"965",1035,"R_4eP0tJxr4BZrxFY",100,"female",68,"college","Kyousan",3
"966",1036,"R_9PhSfh9XxteAyoB",100,"female",73,"high","Rikken",2
"967",1037,"R_4jk15RdoPm9uUxF",100,"female",79,"high","independent",1
"968",1038,"R_4gpdT32zADi98OJ",100,"male",47,"college","Jimin",5
"969",1039,"R_41ReYpInpfYSegH",100,"male",70,"college","Ishin",5
"970",1040,"R_9QLOofsKJna1V3h",100,"male",51,"college","Rikken",5
"971",1041,"R_92GNx6wuzFuqBu9",100,"female",65,"high","Sansei",4
"972",1042,"R_4QL0pYB7zZidIa1",100,"male",23,"college","independent",5
"973",1043,"R_4rb3adjqvRVGtUJ",100,"female",66,"jr_col","Reiwa",5
"974",1044,"R_4sF9fYKNURdKvIJ",100,"female",77,"jr_col","independent",3
"975",1045,"R_9pg2fBEI1CciJ0h",100,"female",71,"jr_col","independent",5
"976",1046,"R_9jpPtVkefkKHRtT",100,"male",61,"college","Jimin",4
"977",1047,"R_9KkxkJyjOMSf3Dw",100,"male",24,"college","Hoshu",1
"978",1048,"R_9HhhtQqqJ8m1TWD",100,"female",66,"jr_col","independent",1
"979",1049,"R_9G6QAQdaN80wt97",100,"female",71,"college","Rikken",5
"980",1050,"R_4mw7J6UaKSUgQZ7",100,"male",69,"college","Sansei",5
"981",1051,"R_4lgZolt0nqil2vf",100,"male",71,"college","Jimin",4
"982",1052,"R_4Do2S4tkUSkxvD7",100,"female",65,"jr_col","Jimin",3
"983",1053,"R_9mmHqtVt9Fvit2y",100,"female",75,"jr_col","independent",4
"984",1054,"R_4niNFzc56w3hVei",100,"male",63,"jr_col","misc",4
"985",1055,"R_9oFIkdgQs7TPm6c",100,"female",43,"jr_col","independent",2
"986",1056,"R_9C1hTX5lheVVhyt",100,"female",72,"jr_col","independent",3
"987",1057,"R_4nJ0q0hSa04ti6b",100,"female",76,"elementary","independent",4
"988",1058,"R_9ylz8ql4sUuXdf3",100,"female",73,"college","Reiwa",5
"989",1059,"R_4PZTDU5HBmmYuaJ",100,"male",22,"jr_col","independent",3
"990",1060,"R_4zhgvPgrt6YGgbT",100,"male",20,"college","Sansei",4
"991",1061,"R_9sp5bteZwzvf8eE",100,"male",76,"jr_col","Jimin",4
"992",1062,"R_92XuDQod8OkayBX",100,"male",65,"college","independent",4
"993",1063,"R_4mDhCjbjufafTqx",100,"female",67,"college","Jimin",4
"994",1064,"R_435hG3OvxhOOqoF",100,"female",71,"high","independent",2
"995",1065,"R_4Qtz3bantiiEi3b",100,"female",77,"jr_col","Rikken",4
"996",1066,"R_9MSx0uX2y4F6hLc",100,"male",58,"jr_col","Rikken",3
"997",1068,"R_4eVN73x3VAImZKF",100,"female",72,"jr_col","independent",3
"998",1069,"R_9AQopGDQ9IzWNf0",100,"female",83,"high","Jimin",5
"999",1070,"R_9KCueHBywHNXWFX",100,"female",65,"high","Jimin",3
"1000",1071,"R_9SDCiUBXX8gfrhY",100,"male",20,"college","Jimin",2
"1001",1072,"R_9sJjXgfq6LWZ8NX",100,"female",71,"jr_col","independent",4
"1002",1073,"R_9DHAE7YtctOAuNL",100,"female",71,"high","Jimin",4
"1003",1074,"R_9JPi04bF5B9rheh",100,"male",72,"jr_col","independent",4
"1004",1075,"R_4HI5Umk4qY2VSCJ",100,"male",73,"high","Kokumin",4
"1005",1076,"R_4X5snr4gXb20vzw",100,"female",44,"jr_col","independent",3
"1006",1077,"R_9C7tzyC7YvPawll",100,"male",78,"college","Jimin",5
"1007",1078,"R_9Zr5nTlTas3qDS1",100,"female",76,"college","independent",5
"1008",1079,"R_4vRD0ASvokbKHDP",100,"female",75,"high","independent",4
"1009",1080,"R_45Me37NS3OMp6tY",100,"female",41,"college","Ishin",4
"1010",1081,"R_9LhWrg2cUv3Gjfs",100,"female",69,"jr_col","Jimin",2
"1011",1082,"R_9hSDGCmXmllq8Vr",100,"male",28,"college","Rikken",4
"1012",1083,"R_4NovPNpNGnvJMhb",100,"male",18,"high","independent",3
"1013",1084,"R_92KfKzIEj37aSuA",100,"female",67,"college","Koumei",4
"1014",1085,"R_4fTPtwzmzjBAFgf",100,"male",20,"college","Kokumin",5
"1015",1086,"R_4WIhRRNPncQ8h9a",100,"female",49,"college","Reiwa",4
"1016",1087,"R_9HRw1h8IbORb8VH",100,"male",65,"college","Ishin",4
"1017",1088,"R_4qs5TEtvOWMhQIo",100,"male",70,"high","independent",2
"1018",1089,"R_4RvHHToQP2mzwuI",100,"male",44,"high","Sansei",3
"1019",1090,"R_9PjXUC3Qq4AAltn",100,"female",60,"college","independent",3
